'active','base','category','created','description','others','id','label','lang','address','latitude','longitude','time','updated'
'True','http://citysdk.url.pt/pois/','[{''lang'': ''pt-PT'', ''value'': ''Assistência Automóvel''}, {''lang'': ''en-GB'', ''value'': ''Car assistance''}, {''lang'': ''es-ES'', ''value'': ''Asistencia Automóvil''}]','2019-05-06T14:57:10.688000Z','[]','[{''type'': ''x-citysdk/price'', ''value'': ''0''}, {''type'': ''x-citysdk/geographical-zone'', ''value'': ''Outras zonas do Porto''}, {''type'': ''x-citysdk/themes'', ''value'': ''Investigar,Estudar''}, {''type'': ''x-citysdk/segments'', ''value'': ''Trabalhadores,Investigadores,Estudantes''}, {''type'': ''x-citysdk/cost-rating'', ''value'': ''1''}, {''type'': ''x-citysdk/average-time'', ''value'': ''0:0''}]','5cd04b46f979e00001234b1a','[{''lang'': ''pt-PT'', ''term'': ''primary'', ''value'': ''Autocasvia ''}, {''lang'': ''en-GB'', ''term'': ''primary'', ''value'': ''Autocasvia ''}, {''lang'': ''es-ES'', ''term'': ''primary'', ''value'': ''Autocasvia ''}]','pt-PT','BEGIN:VCARD VERSION:2.1 REV:20190226T17:27:45Z N:Autocasvia ;Autocasvia ;;; FN:Autocasvia  Autocasvia  ORG:Autocasvia  ADR;WORK:;2717;Rua de Costa Cabral;Porto;Porto;4200-233;Portugal TEL;WORK;VOICE:+351 225400419 TEL;WORK;FAX:+351 225400421 END:VCARD','41.179547','-8.5839009','','2019-06-05T15:33:31.057000Z'
'True','http://citysdk.url.pt/pois/','[{''lang'': ''pt-PT'', ''value'': ''Assistência Automóvel''}, {''lang'': ''en-GB'', ''value'': ''Car assistance''}, {''lang'': ''es-ES'', ''value'': ''Asistencia Automóvil''}]','2019-05-06T14:57:10.690000Z','[]','[{''type'': ''x-citysdk/price'', ''value'': ''0''}, {''type'': ''x-citysdk/geographical-zone'', ''value'': ''Outras zonas do Porto''}, {''type'': ''x-citysdk/themes'', ''value'': ''Investigar,Estudar''}, {''type'': ''x-citysdk/segments'', ''value'': ''Investigadores,Estudantes,Trabalhadores''}, {''type'': ''x-citysdk/cost-rating'', ''value'': ''1''}, {''type'': ''x-citysdk/average-time'', ''value'': ''0:0''}]','5cd04b46f979e00001234b1d','[{''lang'': ''pt-PT'', ''term'': ''primary'', ''value'': ''Auto Sueco Automóveis''}, {''lang'': ''en-GB'', ''term'': ''primary'', ''value'': ''Auto Sueco Automóveis''}, {''lang'': ''es-ES'', ''term'': ''primary'', ''value'': ''Auto Sueco Automóveis''}]','pt-PT','BEGIN:VCARD VERSION:2.1 REV:20190226T17:27:45Z N:Auto Sueco Automóveis;Auto Sueco Automóveis;;; FN:Auto Sueco Automóveis Auto Sueco Automóveis ORG:Auto Sueco Automóveis ADR;WORK:;711;Rua de Manuel Pinto de Azevedo;;Porto;4100-189;Portugal TEL;WORK;VOICE:+351 226150400 URL;WORK:www.autosuecoautomoveis.pt EMAIL;PREF;INTERNET:automóveis.porto@auto-sueco.pt  END:VCARD','41.1770657','-8.652099','','2019-06-05T15:33:30.987000Z'
'True','http://citysdk.url.pt/pois/','[{''lang'': ''pt-PT'', ''value'': ''Assistência Automóvel''}, {''lang'': ''en-GB'', ''value'': ''Car assistance''}, {''lang'': ''es-ES'', ''value'': ''Asistencia Automóvil''}]','2019-05-06T14:57:10.691000Z','[]','[{''type'': ''x-citysdk/price'', ''value'': ''0''}, {''type'': ''x-citysdk/geographical-zone'', ''value'': ''Outras zonas do Porto''}, {''type'': ''x-citysdk/themes'', ''value'': ''Investigar,Estudar''}, {''type'': ''x-citysdk/segments'', ''value'': ''Trabalhadores,Investigadores,Estudantes''}, {''type'': ''x-citysdk/cost-rating'', ''value'': ''1''}, {''type'': ''x-citysdk/average-time'', ''value'': ''0:0''}]','5cd04b46f979e00001234b1f','[{''lang'': ''pt-PT'', ''term'': ''primary'', ''value'': ''Cam - Camiões, Automóveis e Motores, Sa''}, {''lang'': ''en-GB'', ''term'': ''primary'', ''value'': ''Cam - Camiões, Automóveis e Motores, Sa''}, {''lang'': ''es-ES'', ''term'': ''primary'', ''value'': ''Cam - Camiões, Automóveis e Motores, Sa''}]','pt-PT','BEGIN:VCARD VERSION:2.1 REV:20190226T17:27:45Z N:Cam - Camiões\, Automóveis e Motores\, Sa;Cam - Camiões\, Automóveis e Motores\, Sa;;; FN:Cam - Camiões\, Automóveis e Motores\, Sa Cam - Camiões\, Automóveis e Motores\, Sa ORG:Cam - Camiões\, Automóveis e Motores\, Sa ADR;WORK:;188;Rua de Delfim Ferreira;Porto;Porto;4100-199;Portugal TEL;WORK;VOICE:+351 220001464 END:VCARD','41.1710083','-8.6483325','','2019-06-05T15:33:31.085000Z'
'True','http://citysdk.url.pt/pois/','[{''lang'': ''pt-PT'', ''value'': ''Assistência Automóvel''}, {''lang'': ''en-GB'', ''value'': ''Car assistance''}, {''lang'': ''es-ES'', ''value'': ''Asistencia Automóvil''}]','2019-05-06T14:57:10.697000Z','[]','[{''type'': ''x-citysdk/price'', ''value'': ''0''}, {''type'': ''x-citysdk/geographical-zone'', ''value'': ''Outras zonas do Porto''}, {''type'': ''x-citysdk/themes'', ''value'': ''Investigar,Estudar''}, {''type'': ''x-citysdk/segments'', ''value'': ''Investigadores,Estudantes,Trabalhadores''}, {''type'': ''x-citysdk/cost-rating'', ''value'': ''1''}, {''type'': ''x-citysdk/social-media'', ''value'': ''Foursquare:http://foursquare.com/venue/13416803''}, {''type'': ''x-citysdk/average-time'', ''value'': ''0:0''}]','5cd04b46f979e00001234b21','[{''lang'': ''pt-PT'', ''term'': ''primary'', ''value'': ''Baviera Norte - BMW/ MINI''}, {''lang'': ''en-GB'', ''term'': ''primary'', ''value'': ''Baviera Norte - BMW/ MINI''}, {''lang'': ''es-ES'', ''term'': ''primary'', ''value'': ''Baviera Norte - BMW/ MINI''}]','pt-PT','BEGIN:VCARD VERSION:2.1 REV:20190226T17:27:45Z N:Baviera Norte - BMW/ MINI;Baviera Norte - BMW/ MINI;;; FN:Baviera Norte - BMW/ MINI Baviera Norte - BMW/ MINI ORG:Baviera Norte - BMW/ MINI ADR;WORK:;462/500 ;Rua de Manuel Pinto de Azevedo;Porto;Porto;4100-320;Portugal TEL;WORK;VOICE:+351 226192300 TEL;WORK;FAX:+351 226192398 URL;WORK:www.baviera.pt EMAIL;PREF;INTERNET:marcacoesnorte@mail.baviera.pt  END:VCARD','41.1735409','-8.6477057','','2019-06-05T15:33:31.069000Z'
'True','http://citysdk.url.pt/pois/','[{''lang'': ''pt-PT'', ''value'': ''Assistência Automóvel''}, {''lang'': ''en-GB'', ''value'': ''Car assistance''}, {''lang'': ''es-ES'', ''value'': ''Asistencia Automóvil''}]','2019-05-06T14:57:10.952000Z','[]','[{''type'': ''x-citysdk/price'', ''value'': ''0''}, {''type'': ''x-citysdk/geographical-zone'', ''value'': ''Outras zonas do Porto''}, {''type'': ''x-citysdk/themes'', ''value'': ''Estudar,Investigar''}, {''type'': ''x-citysdk/segments'', ''value'': ''Estudantes,Investigadores,Trabalhadores''}, {''type'': ''x-citysdk/cost-rating'', ''value'': ''1''}, {''type'': ''x-citysdk/average-time'', ''value'': ''0:0''}]','5cd04b46f979e00001234b33','[{''lang'': ''pt-PT'', ''term'': ''primary'', ''value'': ''Carvap-Skoda 4''}, {''lang'': ''en-GB'', ''term'': ''primary'', ''value'': ''Carvap-Skoda 4''}, {''lang'': ''es-ES'', ''term'': ''primary'', ''value'': ''Carvap-Skoda 4''}]','pt-PT','BEGIN:VCARD VERSION:2.1 REV:20190226T17:27:45Z N:Carvap-Skoda 4;Carvap-Skoda 4;;; FN:Carvap-Skoda 4 Carvap-Skoda 4 ORG:Carvap-Skoda 4 ADR;WORK:;18  ;Rua de São João de Brito;Porto;Porto;4100–452;Portugal TEL;WORK;VOICE:+351 226155372 TEL;WORK;FAX:+351 226104189  URL;WORK:gocial.pt/skoda/index.php EMAIL;PREF;INTERNET:carvap@carvap.pt END:VCARD','41.1617781','-8.6508135','','2019-06-05T15:33:31.314000Z'
'True','http://citysdk.url.pt/pois/','[{''lang'': ''pt-PT'', ''value'': ''Assistência Automóvel''}, {''lang'': ''en-GB'', ''value'': ''Car assistance''}, {''lang'': ''es-ES'', ''value'': ''Asistencia Automóvil''}]','2019-05-06T14:57:10.959000Z','[]','[{''type'': ''x-citysdk/price'', ''value'': ''0''}, {''type'': ''x-citysdk/geographical-zone'', ''value'': ''Outras zonas do Porto''}, {''type'': ''x-citysdk/themes'', ''value'': ''Investigar,Estudar''}, {''type'': ''x-citysdk/segments'', ''value'': ''Investigadores,Trabalhadores,Estudantes''}, {''type'': ''x-citysdk/cost-rating'', ''value'': ''1''}, {''type'': ''x-citysdk/average-time'', ''value'': ''0:0''}]','5cd04b46f979e00001234b35','[{''lang'': ''pt-PT'', ''term'': ''primary'', ''value'': ''MOTORVAP - Hyundai''}, {''lang'': ''en-GB'', ''term'': ''primary'', ''value'': ''MOTORVAP - Hyundai''}, {''lang'': ''es-ES'', ''term'': ''primary'', ''value'': ''MOTORVAP - Hyundai''}]','pt-PT','BEGIN:VCARD VERSION:2.1 REV:20190226T17:27:45Z N:MOTORVAP - Hyundai;MOTORVAP - Hyundai;;; FN:MOTORVAP - Hyundai MOTORVAP - Hyundai ORG:MOTORVAP - Hyundai ADR;WORK:;145/161 ;Rua de Augusto Lessa;Porto;Porto;4200-099;Portugal TEL;WORK;VOICE:+351225072201 TEL;WORK;FAX:+351 225072202 URL;WORK:motorvap.hyundai.pt/ EMAIL;PREF;INTERNET:chefias.vendas@motorvap.pt END:VCARD','41.1695275','-8.5964361','','2019-06-05T15:33:31.338000Z'
'True','http://citysdk.url.pt/pois/','[{''lang'': ''pt-PT'', ''value'': ''Assistência Automóvel''}, {''lang'': ''en-GB'', ''value'': ''Car assistance''}, {''lang'': ''es-ES'', ''value'': ''Asistencia Automóvil''}]','2019-05-06T14:57:10.963000Z','[]','[{''type'': ''x-citysdk/themes'', ''value'': ''Estudar,Investigar''}, {''type'': ''x-citysdk/segments'', ''value'': ''Trabalhadores,Estudantes,Investigadores''}, {''type'': ''x-citysdk/cost-rating'', ''value'': ''1''}, {''type'': ''x-citysdk/average-time'', ''value'': ''0:0''}]','5cd04b46f979e00001234b36','[{''lang'': ''pt-PT'', ''term'': ''primary'', ''value'': ''Carvap-Skoda 2''}, {''lang'': ''en-GB'', ''term'': ''primary'', ''value'': ''Carvap-Skoda 2''}, {''lang'': ''es-ES'', ''term'': ''primary'', ''value'': ''Carvap-Skoda 2''}]','pt-PT','BEGIN:VCARD VERSION:2.1 REV:20190226T17:27:45Z N:Carvap-Skoda 2;Carvap-Skoda 2;;; FN:Carvap-Skoda 2 Carvap-Skoda 2 ORG:Carvap-Skoda 2 ADR;WORK:;158; Rua de Aníbal Cunha;Porto;Porto;4200–046;Portugal TEL;WORK;VOICE:+351 223389410  TEL;WORK;FAX:+351 220120655 URL;WORK:gocial.pt/skoda/index.php EMAIL;PREF;INTERNET:oficina.anibalcunha@vap.pt END:VCARD','41.1546734','-8.6208645','','2019-06-05T15:33:31.368000Z'
'True','http://citysdk.url.pt/pois/','[{''lang'': ''pt-PT'', ''value'': ''Assistência Automóvel''}, {''lang'': ''en-GB'', ''value'': ''Car assistance''}, {''lang'': ''es-ES'', ''value'': ''Asistencia Automóvil''}]','2019-05-06T14:57:10.966000Z','[]','[{''type'': ''x-citysdk/price'', ''value'': ''0''}, {''type'': ''x-citysdk/geographical-zone'', ''value'': ''Boavista''}, {''type'': ''x-citysdk/themes'', ''value'': ''Investigar''}, {''type'': ''x-citysdk/segments'', ''value'': ''Estudantes,Trabalhadores,Investigadores''}, {''type'': ''x-citysdk/cost-rating'', ''value'': ''1''}, {''type'': ''x-citysdk/average-time'', ''value'': ''0:0''}]','5cd04b46f979e00001234b37','[{''lang'': ''pt-PT'', ''term'': ''primary'', ''value'': ''Centro Porsche Porto 2''}, {''lang'': ''en-GB'', ''term'': ''primary'', ''value'': ''Centro Porsche Porto 2''}, {''lang'': ''es-ES'', ''term'': ''primary'', ''value'': ''Centro Porsche Porto 2''}]','pt-PT','BEGIN:VCARD VERSION:2.1 REV:20190226T17:27:45Z N:Centro Porsche Porto 2;Centro Porsche Porto 2;;; FN:Centro Porsche Porto 2 Centro Porsche Porto 2 ORG:Centro Porsche Porto 2 ADR;WORK:;2300;Avenida da Boavista;Porto;Porto;4100-118;Portugal TEL;WORK;VOICE:+351 226167290 TEL;WORK;FAX:+351 226167299 URL;WORK:www.fozcar.pt  EMAIL;PREF;INTERNET:foz.car.lda@mail.telepac.pt END:VCARD','41.1616877','-8.650324','','2019-06-05T15:33:31.389000Z'
'True','http://citysdk.url.pt/pois/','[{''lang'': ''pt-PT'', ''value'': ''Assistência Automóvel''}, {''lang'': ''en-GB'', ''value'': ''Car assistance''}, {''lang'': ''es-ES'', ''value'': ''Asistencia Automóvil''}]','2019-05-06T14:57:10.967000Z','[]','[{''type'': ''x-citysdk/price'', ''value'': ''0''}, {''type'': ''x-citysdk/geographical-zone'', ''value'': ''Outras zonas do Porto''}, {''type'': ''x-citysdk/themes'', ''value'': ''Estudar,Investigar''}, {''type'': ''x-citysdk/segments'', ''value'': ''Trabalhadores,Investigadores,Estudantes''}, {''type'': ''x-citysdk/cost-rating'', ''value'': ''1''}, {''type'': ''x-citysdk/average-time'', ''value'': ''0:0''}]','5cd04b46f979e00001234b38','[{''lang'': ''pt-PT'', ''term'': ''primary'', ''value'': ''Carvap-Skoda 1''}, {''lang'': ''en-GB'', ''term'': ''primary'', ''value'': ''Carvap-Skoda 1''}, {''lang'': ''es-ES'', ''term'': ''primary'', ''value'': ''Carvap-Skoda 1''}]','pt-PT','BEGIN:VCARD VERSION:2.1 REV:20190226T17:27:45Z N:Carvap-Skoda 1;Carvap-Skoda 1;;; FN:Carvap-Skoda 1 Carvap-Skoda 1 ORG:Carvap-Skoda 1 ADR;WORK:;954-A ;Rua de Costa Cabral;Porto;Porto;4200-213;Portugal TEL;WORK;VOICE:+351 225573430 TEL;WORK;FAX:+351 220120653 URL;WORK:gocial.pt/skoda/index.php EMAIL;PREF;INTERNET:oficina.costacabral@vap.pt END:VCARD','41.1677395','-8.5925672','','2019-06-05T15:33:31.366000Z'
'True','http://citysdk.url.pt/pois/','[{''lang'': ''pt-PT'', ''value'': ''Assistência Automóvel''}, {''lang'': ''en-GB'', ''value'': ''Car assistance''}, {''lang'': ''es-ES'', ''value'': ''Asistencia Automóvil''}]','2019-05-06T14:57:10.969000Z','[]','[{''type'': ''x-citysdk/price'', ''value'': ''0''}, {''type'': ''x-citysdk/languages'', ''value'': ''Inglês,Espanhol,Português,Italiano''}, {''type'': ''x-citysdk/card-types'', ''value'': ''Multibanco,Mastercard,American Express,VISA''}, {''type'': ''x-citysdk/free-wifi'', ''value'': ''WiFi''}, {''type'': ''x-citysdk/geographical-zone'', ''value'': ''Outras zonas do Porto''}, {''type'': ''x-citysdk/themes'', ''value'': ''Investigar,Estudar''}, {''type'': ''x-citysdk/cost-rating'', ''value'': ''1''}, {''type'': ''x-citysdk/social-media'', ''value'': ''Facebook:https://www.facebook.com/CentroPorschePorto/''}, {''type'': ''x-citysdk/average-time'', ''value'': ''0:0''}]','5cd04b46f979e00001234b39','[{''lang'': ''pt-PT'', ''term'': ''primary'', ''value'': ''Centro Porsche Porto''}, {''lang'': ''en-GB'', ''term'': ''primary'', ''value'': ''Centro Porsche Porto''}, {''lang'': ''es-ES'', ''term'': ''primary'', ''value'': ''Centro Porsche Porto''}]','pt-PT','BEGIN:VCARD VERSION:2.1 REV:20190226T17:27:45Z N:Centro Porsche Porto;Centro Porsche Porto;;; FN:Centro Porsche Porto Centro Porsche Porto ORG:Centro Porsche Porto ADR;WORK:;245;Rua de Manuel Pinto de Azevedo;Porto;Porto;4100-321;Portugal TEL;WORK;VOICE:+351 226167280 TEL;WORK;FAX:+351 226177184 URL;WORK:porsche-porto.com EMAIL;PREF;INTERNET:info@porsche-porto.com END:VCARD','41.172685','-8.6467094','[{''term'': ''open'', ''type'': ''text/icalendar'', ''value'': ''BEGIN:VCALENDAR VERSION:2.0 BEGIN:VEVENT SUMMARY: DTSTART:20190101T083000Z DTEND:50190115T123000Z DESCRIPTION: LOCATION: RRULE:FREQ=WEEKLY;INTERVAL=1;BYDAY=MO,TU,WE,TH,FR,SA END:VEVENT BEGIN:VEVENT SUMMARY: DTSTART:20190101T140000Z DTEND:50190115T180000Z DESCRIPTION: LOCATION: RRULE:FREQ=WEEKLY;INTERVAL=1;BYDAY=MO,TU,WE,TH,FR END:VEVENT END:VCALENDAR''}]','2019-06-05T15:33:31.376000Z'
'True','http://citysdk.url.pt/pois/','[{''lang'': ''pt-PT'', ''value'': ''Assistência Automóvel''}, {''lang'': ''en-GB'', ''value'': ''Car assistance''}, {''lang'': ''es-ES'', ''value'': ''Asistencia Automóvil''}]','2019-05-06T14:57:10.987000Z','[]','[{''type'': ''x-citysdk/price'', ''value'': ''0''}, {''type'': ''x-citysdk/geographical-zone'', ''value'': ''Outras zonas do Porto''}, {''type'': ''x-citysdk/themes'', ''value'': ''Investigar,Estudar''}, {''type'': ''x-citysdk/segments'', ''value'': ''Investigadores,Trabalhadores,Estudantes''}, {''type'': ''x-citysdk/cost-rating'', ''value'': ''1''}, {''type'': ''x-citysdk/social-media'', ''value'': ''Facebook:http://pt-pt.facebook.com/pages/Cibercar-SA/143078969075172''}, {''type'': ''x-citysdk/average-time'', ''value'': ''0:0''}]','5cd04b46f979e00001234b40','[{''lang'': ''pt-PT'', ''term'': ''primary'', ''value'': ''Cibercar ''}, {''lang'': ''en-GB'', ''term'': ''primary'', ''value'': ''Cibercar ''}, {''lang'': ''es-ES'', ''term'': ''primary'', ''value'': ''Cibercar ''}]','pt-PT','BEGIN:VCARD VERSION:2.1 REV:20190226T17:27:45Z N:Cibercar ;Cibercar ;;; FN:Cibercar  Cibercar  ORG:Cibercar  ADR;WORK:;424/500 ;Rua de Delfim Ferreira;Porto;Porto;4100-199 ;Portugal TEL;WORK;VOICE:+351 226195400 TEL;WORK;FAX:+351 226195428 URL;WORK:cibercar.pt EMAIL;PREF;INTERNET:cibercar@cibercar.pt END:VCARD','41.1719928','-8.6493625','','2019-06-05T15:33:31.371000Z'
'True','http://citysdk.url.pt/pois/','[{''lang'': ''pt-PT'', ''value'': ''Assistência Automóvel''}, {''lang'': ''en-GB'', ''value'': ''Car assistance''}, {''lang'': ''es-ES'', ''value'': ''Asistencia Automóvil''}]','2019-05-06T14:57:11.225000Z','[]','[{''type'': ''x-citysdk/price'', ''value'': ''0''}, {''type'': ''x-citysdk/geographical-zone'', ''value'': ''Boavista''}, {''type'': ''x-citysdk/themes'', ''value'': ''Estudar,Investigar''}, {''type'': ''x-citysdk/segments'', ''value'': ''Trabalhadores,Investigadores,Estudantes''}, {''type'': ''x-citysdk/cost-rating'', ''value'': ''1''}, {''type'': ''x-citysdk/average-time'', ''value'': ''0:0''}]','5cd04b47f979e00001c833fd','[{''lang'': ''pt-PT'', ''term'': ''primary'', ''value'': ''Daeolic''}, {''lang'': ''en-GB'', ''term'': ''primary'', ''value'': ''Daeolic''}, {''lang'': ''es-ES'', ''term'': ''primary'', ''value'': ''Daeolic''}]','pt-PT','BEGIN:VCARD VERSION:2.1 REV:20190226T17:27:45Z N:Daeolic;Daeolic;;; FN:Daeolic Daeolic ORG:Daeolic ADR;WORK:;386;Rua de Júlio Dinis;Porto;Porto;4050-318 ;Portugal TEL;WORK;VOICE:+351 226054559 TEL;WORK;FAX:+351 226069729 URL;WORK:daeolic.com EMAIL;PREF;INTERNET:chevroletporto@carlicporto.com END:VCARD','41.1523213','-8.6260834','','2019-06-05T15:33:31.891000Z'
'True','http://citysdk.url.pt/pois/','[{''lang'': ''pt-PT'', ''value'': ''Assistência Automóvel''}, {''lang'': ''en-GB'', ''value'': ''Car assistance''}, {''lang'': ''es-ES'', ''value'': ''Asistencia Automóvil''}]','2019-05-06T14:57:11.226000Z','[]','[{''type'': ''x-citysdk/price'', ''value'': ''0''}, {''type'': ''x-citysdk/geographical-zone'', ''value'': ''Outras zonas do Porto''}, {''type'': ''x-citysdk/themes'', ''value'': ''Investigar,Estudar''}, {''type'': ''x-citysdk/segments'', ''value'': ''Investigadores,Estudantes,Trabalhadores''}, {''type'': ''x-citysdk/cost-rating'', ''value'': ''1''}, {''type'': ''x-citysdk/average-time'', ''value'': ''0:0''}]','5cd04b47f979e00001c833fe','[{''lang'': ''pt-PT'', ''term'': ''primary'', ''value'': ''Fernando Costa''}, {''lang'': ''en-GB'', ''term'': ''primary'', ''value'': ''Fernando Costa''}, {''lang'': ''es-ES'', ''term'': ''primary'', ''value'': ''Fernando Costa''}]','pt-PT','BEGIN:VCARD VERSION:2.1 REV:20190226T17:27:45Z N:Fernando Costa;Fernando Costa;;; FN:Fernando Costa Fernando Costa ORG:Fernando Costa ADR;WORK:;377 ;Rua da Boavista;Porto;Porto;4050-107;Portugal TEL;WORK;VOICE:+351 222055622 END:VCARD','41.1560485','-8.6179776','','2019-06-05T15:33:31.875000Z'
'True','http://citysdk.url.pt/pois/','[{''lang'': ''pt-PT'', ''value'': ''Assistência Automóvel''}, {''lang'': ''en-GB'', ''value'': ''Car assistance''}, {''lang'': ''es-ES'', ''value'': ''Asistencia Automóvil''}]','2019-05-06T14:57:12.374000Z','[]','[{''type'': ''x-citysdk/price'', ''value'': ''0''}, {''type'': ''x-citysdk/geographical-zone'', ''value'': ''Boavista''}, {''type'': ''x-citysdk/themes'', ''value'': ''Investigar,Estudar''}, {''type'': ''x-citysdk/segments'', ''value'': ''Investigadores,Estudantes,Trabalhadores''}, {''type'': ''x-citysdk/cost-rating'', ''value'': ''1''}, {''type'': ''x-citysdk/average-time'', ''value'': ''0:0''}]','5cd04b48f979e000016c55f8','[{''lang'': ''pt-PT'', ''term'': ''primary'', ''value'': ''Lexus''}, {''lang'': ''en-GB'', ''term'': ''primary'', ''value'': ''Lexus''}, {''lang'': ''es-ES'', ''term'': ''primary'', ''value'': ''Lexus''}]','pt-PT','BEGIN:VCARD VERSION:2.1 REV:20190226T17:27:45Z N:Lexus;Lexus;;; FN:Lexus Lexus ORG:Lexus ADR;WORK:;724;Rua do Campo Alegre;Porto ;Porto;4150–171;Portugal TEL;WORK;VOICE:+351 226076141 TEL;WORK;FAX:+351 226076149 URL;WORK:lexus.pt END:VCARD','41.152865','-8.636971','','2019-06-05T15:33:33.213000Z'
'True','http://citysdk.url.pt/pois/','[{''lang'': ''pt-PT'', ''value'': ''Assistência Automóvel''}, {''lang'': ''en-GB'', ''value'': ''Car assistance''}, {''lang'': ''es-ES'', ''value'': ''Asistencia Automóvil''}]','2019-05-06T14:57:12.392000Z','[]','[{''type'': ''x-citysdk/price'', ''value'': ''0''}, {''type'': ''x-citysdk/geographical-zone'', ''value'': ''Outras zonas do Porto''}, {''type'': ''x-citysdk/themes'', ''value'': ''Estudar,Investigar''}, {''type'': ''x-citysdk/segments'', ''value'': ''Trabalhadores,Estudantes,Investigadores''}, {''type'': ''x-citysdk/cost-rating'', ''value'': ''1''}, {''type'': ''x-citysdk/average-time'', ''value'': ''0:0''}]','5cd04b48f979e000016c55fb','[{''lang'': ''pt-PT'', ''term'': ''primary'', ''value'': ''Mundauto''}, {''lang'': ''en-GB'', ''term'': ''primary'', ''value'': ''Mundauto''}, {''lang'': ''es-ES'', ''term'': ''primary'', ''value'': ''Mundauto''}]','pt-PT','BEGIN:VCARD VERSION:2.1 REV:20190226T17:27:45Z N:Mundauto;Mundauto;;; FN:Mundauto Mundauto ORG:Mundauto ADR;WORK:;1232/1248;Rua de Santa Catarina;Porto;Porto;4000-447 ;Portugal TEL;WORK;VOICE:+351 225074100 TEL;WORK;FAX:+351 225091657 URL;WORK:mundauto.pt  EMAIL;PREF;INTERNET:mundauto@mundauto.pt  END:VCARD','41.157086','-8.6045213','','2019-06-05T15:33:33.220000Z'
'True','http://citysdk.url.pt/pois/','[{''lang'': ''pt-PT'', ''value'': ''Assistência Automóvel''}, {''lang'': ''en-GB'', ''value'': ''Car assistance''}, {''lang'': ''es-ES'', ''value'': ''Asistencia Automóvil''}]','2019-05-06T14:57:12.398000Z','[{''lang'': ''pt-PT'', ''value'': ''Concessionário OPEL no Porto''}]','[{''type'': ''x-citysdk/price'', ''value'': ''0''}, {''type'': ''x-citysdk/free-wifi'', ''value'': ''WiFi''}, {''type'': ''x-citysdk/geographical-zone'', ''value'': ''Outras zonas do Porto''}, {''type'': ''x-citysdk/themes'', ''value'': ''Estudar,Investigar''}, {''type'': ''x-citysdk/segments'', ''value'': ''Homens de negócios,Investigadores''}, {''type'': ''x-citysdk/cost-rating'', ''value'': ''1''}, {''type'': ''x-citysdk/social-media'', ''value'': ''Facebook:https://www.facebook.com/caetanotechnikOpel/''}, {''type'': ''x-citysdk/average-time'', ''value'': ''0:0''}]','5cd04b48f979e000016c55fd','[{''lang'': ''pt-PT'', ''term'': ''primary'', ''value'': ''Caetano Technik''}, {''lang'': ''en-GB'', ''term'': ''primary'', ''value'': ''Caetano Technik''}, {''lang'': ''es-ES'', ''term'': ''primary'', ''value'': ''Caetano Technik''}]','pt-PT','BEGIN:VCARD VERSION:2.1 REV:20190226T17:27:45Z N:Caetano Technik;Caetano Technik;;; FN:Caetano Technik Caetano Technik ORG:Caetano Technik ADR;WORK:;12697;Estrada Interior da Circunvalação;Porto;Porto;4100-178;Portugal TEL;WORK;VOICE:+351 226191500 URL;WORK:opel.caetanotechnik.pt EMAIL;PREF;INTERNET:porto@caetanotechnik.pt  END:VCARD','41.1786324','-8.6529282','[{''term'': ''open'', ''type'': ''text/icalendar'', ''value'': ''BEGIN:VCALENDAR VERSION:2.0 BEGIN:VEVENT SUMMARY: DTSTART:20190101T090000Z DTEND:50190115T190000Z DESCRIPTION: LOCATION: RRULE:FREQ=WEEKLY;INTERVAL=1;BYDAY=SU,MO,TU,WE,TH,FR,SA END:VEVENT END:VCALENDAR''}]','2019-06-05T15:33:33.240000Z'
'True','http://citysdk.url.pt/pois/','[{''lang'': ''pt-PT'', ''value'': ''Assistência Automóvel''}, {''lang'': ''en-GB'', ''value'': ''Car assistance''}, {''lang'': ''es-ES'', ''value'': ''Asistencia Automóvil''}]','2019-05-06T14:57:12.400000Z','[]','[{''type'': ''x-citysdk/price'', ''value'': ''0''}, {''type'': ''x-citysdk/geographical-zone'', ''value'': ''Outras zonas do Porto''}, {''type'': ''x-citysdk/themes'', ''value'': ''Investigar,Estudar''}, {''type'': ''x-citysdk/segments'', ''value'': ''Trabalhadores,Estudantes,Investigadores''}, {''type'': ''x-citysdk/cost-rating'', ''value'': ''1''}, {''type'': ''x-citysdk/average-time'', ''value'': ''0:0''}]','5cd04b48f979e000016c55ff','[{''lang'': ''pt-PT'', ''term'': ''primary'', ''value'': ''Peugeot - Gamobar''}, {''lang'': ''en-GB'', ''term'': ''primary'', ''value'': ''Peugeot - Gamobar''}, {''lang'': ''es-ES'', ''term'': ''primary'', ''value'': ''Peugeot - Gamobar''}]','pt-PT','BEGIN:VCARD VERSION:2.1 REV:20190226T17:27:45Z N:Peugeot - Gamobar;Peugeot - Gamobar;;; FN:Peugeot - Gamobar Peugeot - Gamobar ORG:Peugeot - Gamobar ADR;WORK:;230/414;Rua de Delfim Ferreira;Porto;Porto;4100-199;Portugal TEL;WORK;VOICE:+351 226196900 TEL;WORK;FAX:+351 226101234 URL;WORK:www.grupogamobar.pt EMAIL;PREF;INTERNET:gamobar@gamobar.pt  END:VCARD','41.1693156','-8.6461872','','2019-06-05T15:33:33.234000Z'
'True','https://city-api.wearebitmaker.com/CitySDK/pois','[{''lang'': ''pt-PT'', ''value'': ''Assistência Automóvel''}, {''lang'': ''en-GB'', ''value'': ''Car assistance''}, {''lang'': ''es-ES'', ''value'': ''Asistencia Automóvil''}]','2019-05-06T14:57:13.539000Z','[]','[{''type'': ''x-citysdk/price'', ''value'': ''0''}, {''type'': ''x-citysdk/geographical-zone'', ''value'': ''Outras Zonas do Porto''}, {''type'': ''x-citysdk/themes'', ''value'': ''Investigar,Estudar''}, {''type'': ''x-citysdk/segments'', ''value'': ''Investigadores,Estudantes,Trabalhadores''}, {''type'': ''x-citysdk/cost-rating'', ''value'': ''1''}, {''type'': ''x-citysdk/average-time'', ''value'': ''0:0''}]','5cd04b49f979e0000169b548','[{''lang'': ''pt-PT'', ''term'': ''primary'', ''value'': ''Abel Teixeira & Filho''}, {''lang'': ''en-GB'', ''term'': ''primary'', ''value'': ''Abel Teixeira & Filho''}, {''lang'': ''es-ES'', ''term'': ''primary'', ''value'': ''Abel Teixeira & Filho''}]','pt-PT','BEGIN:VCARD VERSION:2.1 REV:20190226T17:27:45Z N:Abel Teixeira & Filho;Abel Teixeira & Filho;;; FN:Abel Teixeira & Filho Abel Teixeira & Filho ORG:Abel Teixeira & Filho ADR;WORK:;424;Rua de Requesende;Porto;Porto;4250-397;Portugal TEL;WORK;VOICE:+351 228315929 END:VCARD','41.17573010','-8.63631280','[{''term'': ''open'', ''type'': ''text/icalendar'', ''value'': ''BEGIN:VCALENDAR VERSION:2.0 END:VCALENDAR''}]','2019-07-10T11:40:47.342000Z'
'True','http://citysdk.url.pt/pois/','[{''lang'': ''pt-PT'', ''value'': ''Assistência Automóvel''}, {''lang'': ''en-GB'', ''value'': ''Car assistance''}, {''lang'': ''es-ES'', ''value'': ''Asistencia Automóvil''}]','2019-05-06T14:57:13.542000Z','[]','[{''type'': ''x-citysdk/price'', ''value'': ''0''}, {''type'': ''x-citysdk/geographical-zone'', ''value'': ''Outras zonas do Porto''}, {''type'': ''x-citysdk/themes'', ''value'': ''Investigar,Estudar''}, {''type'': ''x-citysdk/segments'', ''value'': ''Estudantes,Trabalhadores,Investigadores''}, {''type'': ''x-citysdk/cost-rating'', ''value'': ''1''}, {''type'': ''x-citysdk/average-time'', ''value'': ''0:0''}]','5cd04b49f979e0000169b54a','[{''lang'': ''pt-PT'', ''term'': ''primary'', ''value'': ''Auto Industrial do Porto - OPEL''}, {''lang'': ''en-GB'', ''term'': ''primary'', ''value'': ''Auto Industrial do Porto - OPEL''}, {''lang'': ''es-ES'', ''term'': ''primary'', ''value'': ''Auto Industrial do Porto - OPEL''}]','pt-PT','BEGIN:VCARD VERSION:2.1 REV:20190226T17:27:45Z N:Auto Industrial do Porto - OPEL;Auto Industrial do Porto - OPEL;;; FN:Auto Industrial do Porto - OPEL Auto Industrial do Porto - OPEL ORG:Auto Industrial do Porto - OPEL ADR;WORK:;67;Rua de Gonçalo Cristóvão;Porto;Porto;4000-268;Portugal TEL;WORK;VOICE:+351 222086162 TEL;WORK;FAX:+351 222011938 EMAIL;PREF;INTERNET:standgoncalocristovao@auto.industrial.com END:VCARD','41.1535645','-8.605044','','2019-06-05T15:33:34.470000Z'
'True','http://citysdk.url.pt/pois/','[{''lang'': ''pt-PT'', ''value'': ''Assistência Automóvel''}, {''lang'': ''en-GB'', ''value'': ''Car assistance''}, {''lang'': ''es-ES'', ''value'': ''Asistencia Automóvil''}]','2019-05-06T14:57:13.543000Z','[]','[{''type'': ''x-citysdk/card-types'', ''value'': ''Multibanco''}, {''type'': ''x-citysdk/free-wifi'', ''value'': ''WiFi''}, {''type'': ''x-citysdk/smoking-area'', ''value'': ''false''}, {''type'': ''x-citysdk/geographical-zone'', ''value'': ''Outras zonas do Porto''}, {''type'': ''x-citysdk/themes'', ''value'': ''Estudar,Investigar''}, {''type'': ''x-citysdk/segments'', ''value'': ''Estudantes,Trabalhadores,Investigadores''}, {''type'': ''x-citysdk/cost-rating'', ''value'': ''1''}, {''type'': ''x-citysdk/social-media'', ''value'': ''Facebook:www.facebook.com/quadrifolio.fiat''}, {''type'': ''x-citysdk/average-time'', ''value'': ''0:0''}]','5cd04b49f979e0000169b54b','[{''lang'': ''pt-PT'', ''term'': ''primary'', ''value'': ''Alfa Romeo''}, {''lang'': ''en-GB'', ''term'': ''primary'', ''value'': ''Alfa Romeo''}, {''lang'': ''es-ES'', ''term'': ''primary'', ''value'': ''Alfa Romeo''}]','pt-PT','BEGIN:VCARD VERSION:2.1 REV:20190226T17:27:45Z N:Alfa Romeo;Alfa Romeo;;; FN:Alfa Romeo Alfa Romeo ORG:Alfa Romeo ADR;WORK:;917/1009;Avenida Fernão de Magalhães;Porto;Porto;4350-167;Portugal TEL;WORK;VOICE:+351 225899270 TEL;WORK;FAX:+351 225899279 URL;WORK:quadrifolio.pt EMAIL;PREF;INTERNET:quadrifolio@quadrifolio.pt END:VCARD','41.1585797','-8.5934527','[{''term'': ''open'', ''type'': ''text/icalendar'', ''value'': ''BEGIN:VCALENDAR VERSION:2.0 BEGIN:VEVENT SUMMARY: DTSTART:20190101T080000Z DTEND:50190115T130000Z DESCRIPTION: LOCATION: RRULE:FREQ=WEEKLY;INTERVAL=1;BYDAY=MO,TU,WE,TH,FR END:VEVENT BEGIN:VEVENT SUMMARY: DTSTART:20190101T140000Z DTEND:50190115T180000Z DESCRIPTION: LOCATION: RRULE:FREQ=WEEKLY;INTERVAL=1;BYDAY=MO,TU,WE,TH,FR END:VEVENT BEGIN:VEVENT SUMMARY: DTSTART:20190101T083000Z DTEND:50190115T130000Z DESCRIPTION: LOCATION: RRULE:FREQ=WEEKLY;INTERVAL=1;BYDAY=SA END:VEVENT END:VCALENDAR''}]','2019-06-05T15:33:34.460000Z'
'True','http://citysdk.url.pt/pois/','[{''lang'': ''pt-PT'', ''value'': ''Assistência Automóvel''}, {''lang'': ''en-GB'', ''value'': ''Car assistance''}, {''lang'': ''es-ES'', ''value'': ''Asistencia Automóvil''}]','2019-05-06T14:57:13.543000Z','[]','[{''type'': ''x-citysdk/price'', ''value'': ''0''}, {''type'': ''x-citysdk/geographical-zone'', ''value'': ''Outras zonas do Porto''}, {''type'': ''x-citysdk/themes'', ''value'': ''Estudar,Investigar''}, {''type'': ''x-citysdk/segments'', ''value'': ''Investigadores,Estudantes,Trabalhadores''}, {''type'': ''x-citysdk/cost-rating'', ''value'': ''1''}, {''type'': ''x-citysdk/average-time'', ''value'': ''0:0''}]','5cd04b49f979e0000169b54c','[{''lang'': ''pt-PT'', ''term'': ''primary'', ''value'': ''Auto Comercial Ouro - Volkswagen''}, {''lang'': ''en-GB'', ''term'': ''primary'', ''value'': ''Auto Comercial Ouro - Volkswagen''}, {''lang'': ''es-ES'', ''term'': ''primary'', ''value'': ''Auto Comercial Ouro - Volkswagen''}]','pt-PT','BEGIN:VCARD VERSION:2.1 REV:20190226T17:27:45Z N:Auto Comercial Ouro - Volkswagen;Auto Comercial Ouro - Volkswagen;;; FN:Auto Comercial Ouro - Volkswagen Auto Comercial Ouro - Volkswagen ORG:Auto Comercial Ouro - Volkswagen ADR;WORK:;71;Rua de Fernandes Tomás;Porto;Porto;4049-040;Portugal TEL;WORK;VOICE:+351 225192800 TEL;WORK;FAX:+351 225192888 EMAIL;PREF;INTERNET:ouro@ac-ouro.pt  END:VCARD','41.1484331','-8.5996332','','2019-06-05T15:33:34.462000Z'
'True','https://city-api.wearebitmaker.com/CitySDK/pois','[{''lang'': ''pt-PT'', ''value'': ''Assistência Automóvel''}, {''lang'': ''en-GB'', ''value'': ''Car assistance''}, {''lang'': ''es-ES'', ''value'': ''Asistencia Automóvil''}]','2019-05-06T14:57:13.544000Z','[]','[{''type'': ''x-citysdk/price'', ''value'': ''0''}, {''type'': ''x-citysdk/geographical-zone'', ''value'': ''Outras Zonas do Porto''}, {''type'': ''x-citysdk/themes'', ''value'': ''Investigar,Estudar''}, {''type'': ''x-citysdk/segments'', ''value'': ''Investigadores,Estudantes,Trabalhadores''}, {''type'': ''x-citysdk/cost-rating'', ''value'': ''1''}, {''type'': ''x-citysdk/average-time'', ''value'': ''0:0''}]','5cd04b49f979e0000169b54d','[{''lang'': ''pt-PT'', ''term'': ''primary'', ''value'': ''Auto Garantia - SAAB/Suzuki''}, {''lang'': ''en-GB'', ''term'': ''primary'', ''value'': ''Auto Garantia - SAAB/Suzuki''}, {''lang'': ''es-ES'', ''term'': ''primary'', ''value'': ''Auto Garantia - SAAB/Suzuki''}]','pt-PT','BEGIN:VCARD VERSION:2.1 REV:20190226T17:27:45Z N:Auto Garantia - SAAB/Suzuki;Auto Garantia - SAAB/Suzuki;;; FN:Auto Garantia - SAAB/Suzuki Auto Garantia - SAAB/Suzuki ORG:Auto Garantia - SAAB/Suzuki ADR;WORK:;711;Rua de Costa Cabral;Porto;Porto;4200-224;Portugal TEL;WORK;VOICE:+351 225097918 TEL;WORK;FAX:+351 225092317 URL;WORK:http://autogarantia.pt/1/index.html EMAIL;PREF;INTERNET:geral@autogarantia.pt END:VCARD','41.16657880','-8.59580250','[{''term'': ''open'', ''type'': ''text/icalendar'', ''value'': ''BEGIN:VCALENDAR VERSION:2.0 END:VCALENDAR''}]','2021-09-04T09:46:16.899000Z'
'True','http://citysdk.url.pt/pois/','[{''lang'': ''pt-PT'', ''value'': ''Assistência Automóvel''}, {''lang'': ''en-GB'', ''value'': ''Car assistance''}, {''lang'': ''es-ES'', ''value'': ''Asistencia Automóvil''}]','2019-05-06T14:57:13.803000Z','[]','[{''type'': ''x-citysdk/price'', ''value'': ''0''}, {''type'': ''x-citysdk/geographical-zone'', ''value'': ''Outras zonas do Porto''}, {''type'': ''x-citysdk/themes'', ''value'': ''Investigar,Estudar''}, {''type'': ''x-citysdk/segments'', ''value'': ''Trabalhadores,Investigadores,Estudantes''}, {''type'': ''x-citysdk/cost-rating'', ''value'': ''1''}, {''type'': ''x-citysdk/average-time'', ''value'': ''0:0''}]','5cd04b49f979e0000169b55f','[{''lang'': ''pt-PT'', ''term'': ''primary'', ''value'': ''Seat Normotores – Pinheiro 2''}, {''lang'': ''en-GB'', ''term'': ''primary'', ''value'': ''Seat Normotores – Pinheiro 2''}, {''lang'': ''es-ES'', ''term'': ''primary'', ''value'': ''Seat Normotores – Pinheiro 2''}]','pt-PT','BEGIN:VCARD VERSION:2.1 REV:20190226T17:27:45Z N:Seat Normotores – Pinheiro 2;Seat Normotores – Pinheiro 2;;; FN:Seat Normotores – Pinheiro 2 Seat Normotores – Pinheiro 2 ORG:Seat Normotores – Pinheiro 2 ADR;WORK:;362 ;Rua da Alegria;Porto;Porto;4000-035;Portugal TEL;WORK;VOICE:+351 225371157 URL;WORK:normotores.pt EMAIL;PREF;INTERNET:normotores.pinheiro@mail.telepac.pt END:VCARD','41.152792179224','-8.6035823822021','','2019-06-05T15:33:34.781000Z'
'True','http://citysdk.url.pt/pois/','[{''lang'': ''pt-PT'', ''value'': ''Assistência Automóvel''}, {''lang'': ''en-GB'', ''value'': ''Car assistance''}, {''lang'': ''es-ES'', ''value'': ''Asistencia Automóvil''}]','2019-05-06T14:57:13.806000Z','[]','[{''type'': ''x-citysdk/price'', ''value'': ''0''}, {''type'': ''x-citysdk/geographical-zone'', ''value'': ''Boavista''}, {''type'': ''x-citysdk/themes'', ''value'': ''Investigar,Estudar''}, {''type'': ''x-citysdk/segments'', ''value'': ''Trabalhadores,Investigadores,Estudantes''}, {''type'': ''x-citysdk/cost-rating'', ''value'': ''1''}, {''type'': ''x-citysdk/average-time'', ''value'': ''0:0''}]','5cd04b49f979e0000169b561','[{''lang'': ''pt-PT'', ''term'': ''primary'', ''value'': ''Seat  Normotores – Pinheiro 1''}, {''lang'': ''en-GB'', ''term'': ''primary'', ''value'': ''Seat  Normotores – Pinheiro 1''}, {''lang'': ''es-ES'', ''term'': ''primary'', ''value'': ''Seat  Normotores – Pinheiro 1''}]','pt-PT','BEGIN:VCARD VERSION:2.1 REV:20190226T17:27:45Z N:Seat  Normotores – Pinheiro 1;Seat  Normotores – Pinheiro 1;;; FN:Seat  Normotores – Pinheiro 1 Seat  Normotores – Pinheiro 1 ORG:Seat  Normotores – Pinheiro 1 ADR;WORK:;446;Rua de Cedofeita;Porto;Porto;4050-175;Portugal TEL;WORK;VOICE:+351 222002488 TEL;WORK;FAX:+351 222009853 URL;WORK:normotores.pt EMAIL;PREF;INTERNET:normotores.pinheiro@mail.telepac.pt END:VCARD','41.153406131418','-8.6183667182922','','2019-06-05T15:33:34.785000Z'
'True','http://citysdk.url.pt/pois/','[{''lang'': ''pt-PT'', ''value'': ''Assistência Automóvel''}, {''lang'': ''en-GB'', ''value'': ''Car assistance''}, {''lang'': ''es-ES'', ''value'': ''Asistencia Automóvil''}]','2019-05-06T14:57:14.106000Z','[]','[{''type'': ''x-citysdk/price'', ''value'': ''0''}, {''type'': ''x-citysdk/geographical-zone'', ''value'': ''Boavista''}, {''type'': ''x-citysdk/themes'', ''value'': ''Investigar,Estudar''}, {''type'': ''x-citysdk/segments'', ''value'': ''Estudantes,Trabalhadores,Investigadores''}, {''type'': ''x-citysdk/cost-rating'', ''value'': ''1''}, {''type'': ''x-citysdk/average-time'', ''value'': ''0:0''}]','5cd04b4af979e000013ddc94','[{''lang'': ''pt-PT'', ''term'': ''primary'', ''value'': ''Sociedade Comercial C Santos, Lda Mercedes''}, {''lang'': ''en-GB'', ''term'': ''primary'', ''value'': ''Sociedade Comercial C Santos, Lda Mercedes''}, {''lang'': ''es-ES'', ''term'': ''primary'', ''value'': ''Sociedade Comercial C Santos, Lda Mercedes''}]','pt-PT','BEGIN:VCARD VERSION:2.1 REV:20190226T17:27:45Z N:Sociedade Comercial C Santos\, Lda Mercedes;Sociedade Comercial C Santos\, Lda Mercedes;;; FN:Sociedade Comercial C Santos\, Lda Mercedes Sociedade Comercial C Santos\, Lda Mercedes ORG:Sociedade Comercial C Santos\, Lda Mercedes ADR;WORK:;3743;Avenida da Boavista;Porto;Porto;4100-139;Portugal TEL;WORK;VOICE:+351 226102708 TEL;WORK;FAX:+351 226102732 URL;WORK:soccsantos.pt EMAIL;PREF;INTERNET:geral@soccsantos.pt END:VCARD','41.164117056213','-8.6671829223633','','2019-06-05T15:33:35.047000Z'
'True','http://citysdk.url.pt/pois/','[{''lang'': ''pt-PT'', ''value'': ''Assistência Automóvel''}, {''lang'': ''en-GB'', ''value'': ''Car assistance''}, {''lang'': ''es-ES'', ''value'': ''Asistencia Automóvil''}]','2019-05-06T14:57:14.123000Z','[]','[{''type'': ''x-citysdk/price'', ''value'': ''0''}, {''type'': ''x-citysdk/geographical-zone'', ''value'': ''Outras zonas do Porto''}, {''type'': ''x-citysdk/themes'', ''value'': ''Estudar,Investigar''}, {''type'': ''x-citysdk/segments'', ''value'': ''Investigadores,Trabalhadores,Estudantes''}, {''type'': ''x-citysdk/cost-rating'', ''value'': ''1''}, {''type'': ''x-citysdk/social-media'', ''value'': ''Foursquare:http://foursquare.com/venue/12802638''}, {''type'': ''x-citysdk/average-time'', ''value'': ''0:0''}]','5cd04b4af979e000013ddc95','[{''lang'': ''pt-PT'', ''term'': ''primary'', ''value'': ''Sporvap - Veículos e Peças, Sa''}, {''lang'': ''en-GB'', ''term'': ''primary'', ''value'': ''Sporvap - Veículos e Peças, Sa''}, {''lang'': ''es-ES'', ''term'': ''primary'', ''value'': ''Sporvap - Veículos e Peças, Sa''}]','pt-PT','BEGIN:VCARD VERSION:2.1 REV:20190226T17:27:45Z N:Sporvap - Veículos e Peças\, Sa;Sporvap - Veículos e Peças\, Sa;;; FN:Sporvap - Veículos e Peças\, Sa Sporvap - Veículos e Peças\, Sa ORG:Sporvap - Veículos e Peças\, Sa ADR;WORK:;225;Rua da Constituição;Porto;Porto;4200-198;Portugal TEL;WORK;VOICE:+351 220146028 TEL;WORK;FAX:+351 225070669 URL;WORK:gocial.pt EMAIL;PREF;INTERNET:oficina.constituicao@sporvap.pt END:VCARD','41.161322368293','-8.6009860038757','','2019-06-05T15:33:35.139000Z'
'True','http://citysdk.url.pt/pois/','[{''lang'': ''pt-PT'', ''value'': ''Assistência Automóvel''}, {''lang'': ''en-GB'', ''value'': ''Car assistance''}, {''lang'': ''es-ES'', ''value'': ''Asistencia Automóvil''}]','2019-05-06T14:57:14.131000Z','[]','[{''type'': ''x-citysdk/price'', ''value'': ''0''}, {''type'': ''x-citysdk/geographical-zone'', ''value'': ''Outras zonas do Porto''}, {''type'': ''x-citysdk/themes'', ''value'': ''Estudar,Investigar''}, {''type'': ''x-citysdk/segments'', ''value'': ''Investigadores,Trabalhadores,Estudantes''}, {''type'': ''x-citysdk/cost-rating'', ''value'': ''1''}, {''type'': ''x-citysdk/average-time'', ''value'': ''0:0''}]','5cd04b4af979e000013ddc97','[{''lang'': ''pt-PT'', ''term'': ''primary'', ''value'': ''VAP - Volkswagen Oficina''}, {''lang'': ''en-GB'', ''term'': ''primary'', ''value'': ''VAP - Volkswagen Oficina''}, {''lang'': ''es-ES'', ''term'': ''primary'', ''value'': ''VAP - Volkswagen Oficina''}]','pt-PT','BEGIN:VCARD VERSION:2.1 REV:20190226T17:27:45Z N:VAP - Volkswagen Oficina;VAP - Volkswagen Oficina;;; FN:VAP - Volkswagen Oficina VAP - Volkswagen Oficina ORG:VAP - Volkswagen Oficina ADR;WORK:;954 A ;Rua de Costa Cabral;Porto;Porto;4200-213;Portugal TEL;WORK;VOICE:+351 225573432 TEL;WORK;FAX:+351 220120653 URL;WORK:gocial.pt/Volkswagen EMAIL;PREF;INTERNET:oficina.costacabral@vap.pt END:VCARD','41.167638516366','-8.5924458503724','','2019-06-05T15:33:35.141000Z'
'True','http://citysdk.url.pt/pois/','[{''lang'': ''pt-PT'', ''value'': ''Assistência Automóvel''}, {''lang'': ''en-GB'', ''value'': ''Car assistance''}, {''lang'': ''es-ES'', ''value'': ''Asistencia Automóvil''}]','2019-05-06T14:57:14.137000Z','[{''lang'': ''pt-PT'', ''value'': ''A Otima é o concessionário oficial e oficina autorizada smart no Porto desde que a marca começou a ser comercializada em Portugal, em 2001, com uma equipa de 35 profissionais dedicados exclusivamente à marca smart. Prestamos serviços de venda de viaturas novas e usadas, peças originais smart e assistência técnica na Zona Industrial do Porto e na Circunvalação.''}, {''lang'': ''en-GB'', ''value'': ''Otima is the official dealer and authorised repairer in Porto since the brand began to be sold in Portugal, in 2001, with a team of 35 professionals dedicated exclusively to the smart brand. We offer new and used car sales services, genuine smart parts and technical assistance in the Porto Industrial Estate and in Estrada da Circunvalação.''}, {''lang'': ''es-ES'', ''value'': ''Otima es el concesionario oficial y taller autorizado smart en Porto desde que la marca comenzó a ser comercializada en Portugal, en 2001, con un equipo de 35 profesionales dedicados exclusivamente a la marca smart. Prestamos servicios de venta de vehículos nuevos y usados, piezas originales smart y asistencia técnica en la Zona Industrial de Porto y en la Estrada da Circunvalação.''}]','[{''type'': ''x-citysdk/price'', ''value'': ''0''}, {''type'': ''x-citysdk/geographical-zone'', ''value'': ''Outras zonas do Porto''}, {''type'': ''x-citysdk/themes'', ''value'': ''Estudar,Investigar''}, {''type'': ''x-citysdk/segments'', ''value'': ''Investigadores,Estudantes,Trabalhadores''}, {''type'': ''x-citysdk/cost-rating'', ''value'': ''1''}, {''type'': ''x-citysdk/social-media'', ''value'': ''Facebook:www.facebook.com/otima.smart.pt''}, {''type'': ''x-citysdk/average-time'', ''value'': ''0:0''}]','5cd04b4af979e000013ddc9e','[{''lang'': ''pt-PT'', ''term'': ''primary'', ''value'': ''Smart Center Porto (Otima)''}, {''lang'': ''en-GB'', ''term'': ''primary'', ''value'': ''Smart Center Porto (Otima)''}, {''lang'': ''es-ES'', ''term'': ''primary'', ''value'': ''Smart Center Porto (Otima)''}]','pt-PT','BEGIN:VCARD VERSION:2.1 REV:20190226T17:27:45Z N:Smart Center Porto (Otima);Smart Center Porto (Otima);;; FN:Smart Center Porto (Otima) Smart Center Porto (Otima) ORG:Smart Center Porto (Otima) ADR;WORK:;410;Avenida de Fontes Pereira de Melo;Porto;Porto;4100-260;Portugal TEL;WORK;VOICE:+351 225320250 TEL;WORK;FAX:+351 226164884 URL;WORK:otima.pt EMAIL;PREF;INTERNET:otima@otima.pt END:VCARD','41.17839556643','-8.6493730545044','','2019-06-05T15:33:35.048000Z'
'True','http://citysdk.url.pt/pois/','[{''lang'': ''pt-PT'', ''value'': ''Assistência Automóvel''}, {''lang'': ''en-GB'', ''value'': ''Car assistance''}, {''lang'': ''es-ES'', ''value'': ''Asistencia Automóvil''}]','2019-05-06T14:57:14.403000Z','[]','[{''type'': ''x-citysdk/price'', ''value'': ''0''}, {''type'': ''x-citysdk/languages'', ''value'': ''Português,Francês''}, {''type'': ''x-citysdk/geographical-zone'', ''value'': ''Outras zonas do Porto''}, {''type'': ''x-citysdk/themes'', ''value'': ''Estudar,Investigar''}, {''type'': ''x-citysdk/segments'', ''value'': ''Trabalhadores''}, {''type'': ''x-citysdk/cost-rating'', ''value'': ''1''}, {''type'': ''x-citysdk/social-media'', ''value'': ''Facebook:https://pt-pt.facebook.com/CAMPO-LINDO-PORTO-285830906344/''}, {''type'': ''x-citysdk/average-time'', ''value'': ''0:0''}]','5cd04b4af979e000013ddcb7','[{''lang'': ''pt-PT'', ''term'': ''primary'', ''value'': ''Renault - Campo Lindo, LDA''}, {''lang'': ''en-GB'', ''term'': ''primary'', ''value'': ''Renault - Campo Lindo, LDA''}, {''lang'': ''es-ES'', ''term'': ''primary'', ''value'': ''Renault - Campo Lindo, LDA''}]','pt-PT','BEGIN:VCARD VERSION:2.1 REV:20190226T17:27:45Z N:Renault - Campo Lindo\, LDA;Renault - Campo Lindo\, LDA;;; FN:Renault - Campo Lindo\, LDA Renault - Campo Lindo\, LDA ORG:Renault - Campo Lindo\, LDA ADR;WORK:;56;Travessa da Via Sacra;Porto;Porto;4200-329;Portugal TEL;WORK;VOICE:+351 225070300 TEL;WORK;FAX:+351 225070399 URL;WORK:campolindo.pt EMAIL;PREF;INTERNET:geral@campolindo.pt END:VCARD','41.1706383','-8.6075085','[{''term'': ''open'', ''type'': ''text/icalendar'', ''value'': ''BEGIN:VCALENDAR VERSION:2.0 BEGIN:VEVENT SUMMARY: DTSTART:20190101T083000Z DTEND:50190115T123000Z DESCRIPTION: LOCATION: RRULE:FREQ=WEEKLY;INTERVAL=1;BYDAY=MO,TU,WE,TH,FR END:VEVENT BEGIN:VEVENT SUMMARY: DTSTART:20190101T140000Z DTEND:50190115T180000Z DESCRIPTION: LOCATION: RRULE:FREQ=WEEKLY;INTERVAL=1;BYDAY=MO,TU,TH,FR END:VEVENT END:VCALENDAR''}]','2019-06-05T15:33:35.446000Z'
'True','http://citysdk.url.pt/pois/','[{''lang'': ''pt-PT'', ''value'': ''Assistência Automóvel''}, {''lang'': ''en-GB'', ''value'': ''Car assistance''}, {''lang'': ''es-ES'', ''value'': ''Asistencia Automóvil''}]','2019-05-06T14:57:14.408000Z','[{''lang'': ''pt-PT'', ''value'': ''Venda de viaturas novas da marca Renault. Venda de viaturas novas da marca Dacia.''}, {''lang'': ''en-GB'', ''value'': ''Sells brand new Renault cars. Sells brand new Dacia cars.''}, {''lang'': ''es-ES'', ''value'': ''Venta de vehículos nuevos de la marca Renault. Venta de vehículos nuevos de la marca Dacia.''}]','[{''type'': ''x-citysdk/price'', ''value'': ''0''}, {''type'': ''x-citysdk/languages'', ''value'': ''Francês,Português''}, {''type'': ''x-citysdk/geographical-zone'', ''value'': ''Outras zonas do Porto''}, {''type'': ''x-citysdk/themes'', ''value'': ''Investigar,Estudar''}, {''type'': ''x-citysdk/segments'', ''value'': ''Investigadores,Estudantes,Trabalhadores''}, {''type'': ''x-citysdk/cost-rating'', ''value'': ''1''}, {''type'': ''x-citysdk/social-media'', ''value'': ''Facebook:https://pt-pt.facebook.com/CAMPO-LINDO-PORTO-285830906344/''}, {''type'': ''x-citysdk/average-time'', ''value'': ''0:0''}]','5cd04b4af979e000013ddcba','[{''lang'': ''pt-PT'', ''term'': ''primary'', ''value'': ''Renault - Campo Lindo, LDA''}, {''lang'': ''en-GB'', ''term'': ''primary'', ''value'': ''Renault - Campo Lindo, LDA''}, {''lang'': ''es-ES'', ''term'': ''primary'', ''value'': ''Renault - Campo Lindo, LDA''}]','pt-PT','BEGIN:VCARD VERSION:2.1 REV:20190226T17:27:45Z N:Renault - Campo Lindo\, LDA;Renault - Campo Lindo\, LDA;;; FN:Renault - Campo Lindo\, LDA Renault - Campo Lindo\, LDA ORG:Renault - Campo Lindo\, LDA ADR;WORK:;69;Rua da Igreja de Paranhos;Porto;Porto;4200-329;Portugal TEL;WORK;VOICE: +351 225070300  TEL;WORK;FAX:+351 225070399 URL;WORK:campolindo.pt EMAIL;PREF;INTERNET:geral@campolindo.pt END:VCARD','41.170267','-8.607318','[{''term'': ''open'', ''type'': ''text/icalendar'', ''value'': ''BEGIN:VCALENDAR VERSION:2.0 BEGIN:VEVENT SUMMARY: DTSTART:20190101T090000Z DTEND:50190115T123000Z DESCRIPTION: LOCATION: RRULE:FREQ=WEEKLY;INTERVAL=1;BYDAY=MO,TU,WE,TH,FR END:VEVENT BEGIN:VEVENT SUMMARY: DTSTART:20190101T140000Z DTEND:50190115T183000Z DESCRIPTION: LOCATION: RRULE:FREQ=WEEKLY;INTERVAL=1;BYDAY=MO,TU,WE,TH,FR END:VEVENT END:VCALENDAR''}]','2019-06-05T15:33:35.445000Z'
'True','http://citysdk.url.pt/pois/','[{''lang'': ''pt-PT'', ''value'': ''Assistência Automóvel''}, {''lang'': ''en-GB'', ''value'': ''Car assistance''}, {''lang'': ''es-ES'', ''value'': ''Asistencia Automóvil''}]','2019-05-06T14:57:14.415000Z','[{''lang'': ''pt-PT'', ''value'': ''Renault Boavista - Estabelecimento Renault Retail Group no Porto. Distribuidor oficial dos veículos Renault e Dacia. Reparador oficial dos veículos Renault e Dacia.''}, {''lang'': ''en-GB'', ''value'': ''Renault Boavista - Renault Retail Group Dealership in Porto. Official distributor of Renault and Dacia vehicles. Official Garage for Renault and Dacia vehicles.''}, {''lang'': ''es-ES'', ''value'': ''Renault Boavista - Concesionario Renault Retail Group en Porto. Distribuidor oficial de los vehículos Renault y Dacia. Taller oficial de los vehículos Renault y Dacia.''}]','[{''type'': ''x-citysdk/free-wifi'', ''value'': ''WiFi''}, {''type'': ''x-citysdk/geographical-zone'', ''value'': ''Outras zonas do Porto''}, {''type'': ''x-citysdk/themes'', ''value'': ''Investigar,Estudar''}, {''type'': ''x-citysdk/segments'', ''value'': ''Estudantes,Investigadores,Trabalhadores''}, {''type'': ''x-citysdk/cost-rating'', ''value'': ''1''}, {''type'': ''x-citysdk/social-media'', ''value'': ''Facebook:www.facebook.com/renaultboavista''}, {''type'': ''x-citysdk/average-time'', ''value'': ''0:0''}]','5cd04b4af979e000013ddcbb','[{''lang'': ''pt-PT'', ''term'': ''primary'', ''value'': ''Renault Boavista ''}, {''lang'': ''en-GB'', ''term'': ''primary'', ''value'': ''Renault Boavista ''}, {''lang'': ''es-ES'', ''term'': ''primary'', ''value'': ''Renault Boavista ''}]','pt-PT','BEGIN:VCARD VERSION:2.1 REV:20190226T17:27:45Z N:Renault Boavista ;Renault Boavista ;;; FN:Renault Boavista  Renault Boavista  ORG:Renault Boavista  ADR;WORK:;123/127;Rua de Grijó;Porto;Porto;4150-384 ;Portugal TEL;WORK;VOICE:+351 226190700 TEL;WORK;FAX:+351 226172341 URL;WORK:renaultboavista.pt EMAIL;PREF;INTERNET:geral@renaultboavista.pt END:VCARD','41.1558829','-8.6486859','[{''term'': ''open'', ''type'': ''text/icalendar'', ''value'': ''BEGIN:VCALENDAR VERSION:2.0 BEGIN:VEVENT SUMMARY: DTSTART:20190101T083000Z DTEND:50190115T193000Z DESCRIPTION: LOCATION: RRULE:FREQ=WEEKLY;INTERVAL=1;BYDAY=MO,TU,WE,TH,FR END:VEVENT BEGIN:VEVENT SUMMARY: DTSTART:20190101T090000Z DTEND:50190115T130000Z DESCRIPTION: LOCATION: RRULE:FREQ=WEEKLY;INTERVAL=1;BYDAY=SA END:VEVENT BEGIN:VEVENT SUMMARY: DTSTART:20190101T143000Z DTEND:50190115T183000Z DESCRIPTION: LOCATION: RRULE:FREQ=WEEKLY;INTERVAL=1;BYDAY=SA END:VEVENT END:VCALENDAR''}]','2019-06-05T15:33:35.448000Z'
'True','http://citysdk.url.pt/pois/','[{''lang'': ''pt-PT'', ''value'': ''Assistência Automóvel''}, {''lang'': ''en-GB'', ''value'': ''Car assistance''}, {''lang'': ''es-ES'', ''value'': ''Asistencia Automóvil''}]','2019-05-06T14:57:14.633000Z','[]','[{''type'': ''x-citysdk/price'', ''value'': ''0''}, {''type'': ''x-citysdk/geographical-zone'', ''value'': ''Outras zonas do Porto''}, {''type'': ''x-citysdk/themes'', ''value'': ''Estudar,Investigar''}, {''type'': ''x-citysdk/segments'', ''value'': ''Investigadores,Trabalhadores,Estudantes''}, {''type'': ''x-citysdk/cost-rating'', ''value'': ''1''}, {''type'': ''x-citysdk/average-time'', ''value'': ''0:0''}]','5cd04b4af979e000013ddcc6','[{''lang'': ''pt-PT'', ''term'': ''primary'', ''value'': ''Rolporto''}, {''lang'': ''en-GB'', ''term'': ''primary'', ''value'': ''Rolporto''}, {''lang'': ''es-ES'', ''term'': ''primary'', ''value'': ''Rolporto''}]','pt-PT','BEGIN:VCARD VERSION:2.1 REV:20190226T17:27:45Z N:Rolporto;Rolporto;;; FN:Rolporto Rolporto ORG:Rolporto ADR;WORK:;828/840 ;Rua do Eng. Ferreira Dias;Porto;Porto;4100-246;Portugal TEL;WORK;VOICE:+351 226167480 TEL;WORK;FAX:+351 226167492  URL;WORK:rolporto.pt EMAIL;PREF;INTERNET:geral@rolporto.pt  END:VCARD','41.1755491','-8.6464474','','2019-06-05T15:33:35.677000Z'
'True','http://citysdk.url.pt/pois/','[{''lang'': ''pt-PT'', ''value'': ''Assistência Automóvel''}, {''lang'': ''en-GB'', ''value'': ''Car assistance''}, {''lang'': ''es-ES'', ''value'': ''Asistencia Automóvil''}]','2019-05-06T14:57:14.635000Z','[]','[{''type'': ''x-citysdk/price'', ''value'': ''0''}, {''type'': ''x-citysdk/free-wifi'', ''value'': ''WiFi''}, {''type'': ''x-citysdk/geographical-zone'', ''value'': ''Outras zonas do Porto''}, {''type'': ''x-citysdk/themes'', ''value'': ''Estudar,Investigar''}, {''type'': ''x-citysdk/segments'', ''value'': ''Investigadores,Estudantes,Trabalhadores''}, {''type'': ''x-citysdk/cost-rating'', ''value'': ''1''}, {''type'': ''x-citysdk/average-time'', ''value'': ''0:0''}]','5cd04b4af979e000013ddcc7','[{''lang'': ''pt-PT'', ''term'': ''primary'', ''value'': ''Entreposto Rotor''}, {''lang'': ''en-GB'', ''term'': ''primary'', ''value'': ''Entreposto Rotor''}, {''lang'': ''es-ES'', ''term'': ''primary'', ''value'': ''Entreposto Rotor''}]','pt-PT','BEGIN:VCARD VERSION:2.1 REV:20190226T17:27:45Z N:Entreposto Rotor;Entreposto Rotor;;; FN:Entreposto Rotor Entreposto Rotor ORG:Entreposto Rotor ADR;WORK:;594;Rua do Campo Alegre;Porto;Porto;4150-171;Portugal TEL;WORK;VOICE:+351 226078100 TEL;WORK;FAX:+351 226078174 URL;WORK:entrepostoauto.pt EMAIL;PREF;INTERNET:contact.center@entreposto.pt END:VCARD','41.1524483','-8.635565','[{''term'': ''open'', ''type'': ''text/icalendar'', ''value'': ''BEGIN:VCALENDAR VERSION:2.0 BEGIN:VEVENT SUMMARY: DTSTART:20190101T140000Z DTEND:50190115T173000Z DESCRIPTION: LOCATION: RRULE:FREQ=WEEKLY;INTERVAL=1;BYDAY=FR END:VEVENT BEGIN:VEVENT SUMMARY: DTSTART:20190101T083000Z DTEND:50190115T123000Z DESCRIPTION: LOCATION: RRULE:FREQ=WEEKLY;INTERVAL=1;BYDAY=MO,TU,WE,TH END:VEVENT BEGIN:VEVENT SUMMARY: DTSTART:20190101T140000Z DTEND:50190115T180000Z DESCRIPTION: LOCATION: RRULE:FREQ=WEEKLY;INTERVAL=1;BYDAY=MO,TU,WE,TH END:VEVENT BEGIN:VEVENT SUMMARY: DTSTART:20190101T083000Z DTEND:50190115T130000Z DESCRIPTION: LOCATION: RRULE:FREQ=WEEKLY;INTERVAL=1;BYDAY=FR END:VEVENT END:VCALENDAR''}]','2019-06-05T15:33:35.681000Z'
'True','http://citysdk.url.pt/pois/','[{''lang'': ''pt-PT'', ''value'': ''Assistência Automóvel''}, {''lang'': ''en-GB'', ''value'': ''Car assistance''}, {''lang'': ''es-ES'', ''value'': ''Asistencia Automóvil''}]','2019-05-06T14:57:14.648000Z','[]','[{''type'': ''x-citysdk/price'', ''value'': ''0''}, {''type'': ''x-citysdk/geographical-zone'', ''value'': ''Outras zonas do Porto''}, {''type'': ''x-citysdk/themes'', ''value'': ''Investigar,Estudar''}, {''type'': ''x-citysdk/segments'', ''value'': ''Trabalhadores,Estudantes,Investigadores''}, {''type'': ''x-citysdk/cost-rating'', ''value'': ''1''}, {''type'': ''x-citysdk/average-time'', ''value'': ''0:0''}]','5cd04b4af979e000013ddcca','[{''lang'': ''pt-PT'', ''term'': ''primary'', ''value'': ''Porto Centro – Peugeot''}, {''lang'': ''en-GB'', ''term'': ''primary'', ''value'': ''Porto Centro – Peugeot''}, {''lang'': ''es-ES'', ''term'': ''primary'', ''value'': ''Porto Centro – Peugeot''}]','pt-PT','BEGIN:VCARD VERSION:2.1 REV:20190226T17:27:45Z N:Porto Centro – Peugeot;Porto Centro – Peugeot;;; FN:Porto Centro – Peugeot Porto Centro – Peugeot ORG:Porto Centro – Peugeot ADR;WORK:;616;Rua de Costa Cabral;Porto;Porto;4200-211;Portugal TEL;WORK;VOICE:+351 225073620 TEL;WORK;FAX:+351 225506697 EMAIL;PREF;INTERNET:recepcaoportocentro@ sapo.pt END:VCARD','41.166120111802','-8.5969948768615','','2019-06-05T15:33:35.703000Z'
'True','http://citysdk.url.pt/pois/','[{''lang'': ''pt-PT'', ''value'': ''Assistência Automóvel''}, {''lang'': ''en-GB'', ''value'': ''Car assistance''}, {''lang'': ''es-ES'', ''value'': ''Asistencia Automóvil''}]','2019-05-06T14:57:14.907000Z','[]','[{''type'': ''x-citysdk/price'', ''value'': ''0''}, {''type'': ''x-citysdk/geographical-zone'', ''value'': ''Outras zonas do Porto''}, {''type'': ''x-citysdk/themes'', ''value'': ''Investigar,Estudar''}, {''type'': ''x-citysdk/segments'', ''value'': ''Investigadores,Estudantes,Trabalhadores''}, {''type'': ''x-citysdk/cost-rating'', ''value'': ''1''}, {''type'': ''x-citysdk/average-time'', ''value'': ''0:0''}]','5cd04b4af979e000013ddce4','[{''lang'': ''pt-PT'', ''term'': ''primary'', ''value'': ''Filinto Mota – Citroen 1''}, {''lang'': ''en-GB'', ''term'': ''primary'', ''value'': ''Filinto Mota – Citroen 1''}, {''lang'': ''es-ES'', ''term'': ''primary'', ''value'': ''Filinto Mota – Citroen 1''}]','pt-PT','BEGIN:VCARD VERSION:2.1 REV:20190226T17:27:45Z N:Filinto Mota – Citroen 1;Filinto Mota – Citroen 1;;; FN:Filinto Mota – Citroen 1 Filinto Mota – Citroen 1 ORG:Filinto Mota – Citroen 1 ADR;WORK:;546;Rua de Pinto Bessa;Porto;Porto;4300-428;Portugal TEL;WORK;VOICE:+351 225151500 TEL;WORK;FAX:+351 225151503 URL;WORK:filintomota.pt EMAIL;PREF;INTERNET:stand.pintobessa@filintomota.pt  END:VCARD','41.15055','-8.592215','','2019-06-05T15:33:35.989000Z'
'True','http://citysdk.url.pt/pois/','[{''lang'': ''pt-PT'', ''value'': ''Assistência Automóvel''}, {''lang'': ''en-GB'', ''value'': ''Car assistance''}, {''lang'': ''es-ES'', ''value'': ''Asistencia Automóvil''}]','2019-05-06T14:57:14.910000Z','[]','[{''type'': ''x-citysdk/price'', ''value'': ''0''}, {''type'': ''x-citysdk/geographical-zone'', ''value'': ''Outras zonas do Porto''}, {''type'': ''x-citysdk/themes'', ''value'': ''Investigar,Estudar''}, {''type'': ''x-citysdk/segments'', ''value'': ''Estudantes,Investigadores,Trabalhadores''}, {''type'': ''x-citysdk/cost-rating'', ''value'': ''1''}, {''type'': ''x-citysdk/average-time'', ''value'': ''0:0''}]','5cd04b4af979e000013ddce7','[{''lang'': ''pt-PT'', ''term'': ''primary'', ''value'': ''MOTORVAP - Hyundai''}, {''lang'': ''en-GB'', ''term'': ''primary'', ''value'': ''MOTORVAP - Hyundai''}, {''lang'': ''es-ES'', ''term'': ''primary'', ''value'': ''MOTORVAP - Hyundai''}]','pt-PT','BEGIN:VCARD VERSION:2.1 REV:20190226T17:27:45Z N:MOTORVAP - Hyundai;MOTORVAP - Hyundai;;; FN:MOTORVAP - Hyundai MOTORVAP - Hyundai ORG:MOTORVAP - Hyundai ADR;WORK:;161;Rua de Augusto Lessa;Porto;Porto;4200-099;Portugal TEL;WORK;VOICE:+351 225072209 TEL;WORK;FAX:+351 225072200  URL;WORK:motorvap.hyundai.pt EMAIL;PREF;INTERNET:chefias.vendas@motorvap.pt END:VCARD','41.1695252','-8.596349','[{''term'': ''open'', ''type'': ''text/icalendar'', ''value'': ''BEGIN:VCALENDAR VERSION:2.0 BEGIN:VEVENT SUMMARY: DTSTART:20190101T090000Z DTEND:50190115T123000Z DESCRIPTION: LOCATION: RRULE:FREQ=WEEKLY;INTERVAL=1;BYDAY=MO,TU,WE,TH,FR END:VEVENT BEGIN:VEVENT SUMMARY: DTSTART:20190101T100000Z DTEND:50190115T123000Z DESCRIPTION: LOCATION: RRULE:FREQ=WEEKLY;INTERVAL=1;BYDAY=SA END:VEVENT BEGIN:VEVENT SUMMARY: DTSTART:20190101T143000Z DTEND:50190115T190000Z DESCRIPTION: LOCATION: RRULE:FREQ=WEEKLY;INTERVAL=1;BYDAY=MO,TU,WE,TH,FR END:VEVENT END:VCALENDAR''}]','2019-06-05T15:33:35.976000Z'
'True','http://citysdk.url.pt/pois/','[{''lang'': ''pt-PT'', ''value'': ''Assistência Automóvel''}, {''lang'': ''en-GB'', ''value'': ''Car assistance''}, {''lang'': ''es-ES'', ''value'': ''Asistencia Automóvil''}]','2019-05-06T14:57:14.919000Z','[]','[{''type'': ''x-citysdk/price'', ''value'': ''0''}, {''type'': ''x-citysdk/geographical-zone'', ''value'': ''Outras zonas do Porto''}, {''type'': ''x-citysdk/themes'', ''value'': ''Investigar,Estudar''}, {''type'': ''x-citysdk/segments'', ''value'': ''Estudantes,Investigadores,Trabalhadores''}, {''type'': ''x-citysdk/cost-rating'', ''value'': ''1''}, {''type'': ''x-citysdk/average-time'', ''value'': ''0:0''}]','5cd04b4af979e000013ddce8','[{''lang'': ''pt-PT'', ''term'': ''primary'', ''value'': ''Honda''}, {''lang'': ''en-GB'', ''term'': ''primary'', ''value'': ''Honda''}, {''lang'': ''es-ES'', ''term'': ''primary'', ''value'': ''Honda''}]','pt-PT','BEGIN:VCARD VERSION:2.1 REV:20190226T17:27:45Z N:Honda;Honda;;; FN:Honda Honda ORG:Honda ADR;WORK:;516;Travessa da Prelada;Porto;Porto;4250-380 ;Portugal TEL;WORK;VOICE:+351 228301184 TEL;WORK;FAX:+351 228301188 URL;WORK:honda.pt EMAIL;PREF;INTERNET:geral@neumotor.pt  END:VCARD','41.169561','-8.633623','','2019-06-05T15:33:35.984000Z'
'True','http://citysdk.url.pt/pois/','[{''lang'': ''pt-PT'', ''value'': ''Assistência Automóvel''}, {''lang'': ''en-GB'', ''value'': ''Car assistance''}, {''lang'': ''es-ES'', ''value'': ''Asistencia Automóvil''}]','2019-05-06T14:57:14.923000Z','[]','[{''type'': ''x-citysdk/price'', ''value'': ''0''}, {''type'': ''x-citysdk/geographical-zone'', ''value'': ''Outras zonas do Porto''}, {''type'': ''x-citysdk/themes'', ''value'': ''Investigar,Estudar''}, {''type'': ''x-citysdk/segments'', ''value'': ''Estudantes,Investigadores,Trabalhadores''}, {''type'': ''x-citysdk/cost-rating'', ''value'': ''1''}, {''type'': ''x-citysdk/average-time'', ''value'': ''0:0''}]','5cd04b4af979e000013ddce9','[{''lang'': ''pt-PT'', ''term'': ''primary'', ''value'': ''Ford - Rodam''}, {''lang'': ''en-GB'', ''term'': ''primary'', ''value'': ''Ford - Rodam''}, {''lang'': ''es-ES'', ''term'': ''primary'', ''value'': ''Ford - Rodam''}]','pt-PT','BEGIN:VCARD VERSION:2.1 REV:20190226T17:27:45Z N:Ford - Rodam;Ford - Rodam;;; FN:Ford - Rodam Ford - Rodam ORG:Ford - Rodam ADR;WORK:;177;Rua de Teodoro de Sousa Maldonado;Porto;Porto;4250-486;Portugal TEL;WORK;VOICE:+351 228316510 TEL;WORK;FAX:+351 228301545 URL;WORK:fordconcessionarios.com EMAIL;PREF;INTERNET:vendas@rodam.webside.pt  END:VCARD','41.169517','-8.632366','','2019-06-05T15:33:35.981000Z'
'True','http://citysdk.url.pt/pois/','[{''lang'': ''pt-PT'', ''value'': ''Assistência Automóvel''}, {''lang'': ''en-GB'', ''value'': ''Car assistance''}, {''lang'': ''es-ES'', ''value'': ''Asistencia Automóvil''}]','2019-05-06T14:57:14.930000Z','[]','[{''type'': ''x-citysdk/price'', ''value'': ''0''}, {''type'': ''x-citysdk/geographical-zone'', ''value'': ''Outras zonas do Porto''}, {''type'': ''x-citysdk/themes'', ''value'': ''Investigar,Estudar''}, {''type'': ''x-citysdk/segments'', ''value'': ''Trabalhadores,Investigadores,Estudantes''}, {''type'': ''x-citysdk/cost-rating'', ''value'': ''1''}, {''type'': ''x-citysdk/average-time'', ''value'': ''0:0''}]','5cd04b4af979e000013ddcea','[{''lang'': ''pt-PT'', ''term'': ''primary'', ''value'': ''Jop - Veículos e Peças, SA''}, {''lang'': ''en-GB'', ''term'': ''primary'', ''value'': ''Jop - Veículos e Peças, SA''}, {''lang'': ''es-ES'', ''term'': ''primary'', ''value'': ''Jop - Veículos e Peças, SA''}]','pt-PT','BEGIN:VCARD VERSION:2.1 REV:20190226T17:27:45Z N:Jop - Veículos e Peças\, SA;Jop - Veículos e Peças\, SA;;; FN:Jop - Veículos e Peças\, SA Jop - Veículos e Peças\, SA ORG:Jop - Veículos e Peças\, SA ADR;WORK:;288;Rua do Eng. Ezequiel de Campos;Porto;Porto;4100-228 ;Portugal TEL;WORK;VOICE:+351 226169662 TEL;WORK;FAX:+351 226161303 URL;WORK:gocial.pt/Kia EMAIL;PREF;INTERNET:jop@jop.pt END:VCARD','41.172048','-8.651326','','2019-06-05T15:33:35.989000Z'
'True','http://citysdk.url.pt/pois/','[{''lang'': ''pt-PT'', ''value'': ''Assistência Automóvel''}, {''lang'': ''en-GB'', ''value'': ''Car assistance''}, {''lang'': ''es-ES'', ''value'': ''Asistencia Automóvil''}]','2019-05-06T14:57:14.934000Z','[]','[{''type'': ''x-citysdk/price'', ''value'': ''0''}, {''type'': ''x-citysdk/geographical-zone'', ''value'': ''Boavista''}, {''type'': ''x-citysdk/themes'', ''value'': ''Investigar,Estudar''}, {''type'': ''x-citysdk/segments'', ''value'': ''Estudantes,Investigadores,Trabalhadores''}, {''type'': ''x-citysdk/cost-rating'', ''value'': ''1''}, {''type'': ''x-citysdk/social-media'', ''value'': ''Facebook:http://www.facebook.com/FilintoMota#!/profile.php?id=100001767060011&v=info''}, {''type'': ''x-citysdk/average-time'', ''value'': ''0:0''}]','5cd04b4af979e000013ddceb','[{''lang'': ''pt-PT'', ''term'': ''primary'', ''value'': ''Horizmoto ''}, {''lang'': ''en-GB'', ''term'': ''primary'', ''value'': ''Horizmoto ''}, {''lang'': ''es-ES'', ''term'': ''primary'', ''value'': ''Horizmoto ''}]','pt-PT','BEGIN:VCARD VERSION:2.1 REV:20190226T17:27:45Z N:Horizmoto ;Horizmoto ;;; FN:Horizmoto  Horizmoto  ORG:Horizmoto  ADR;WORK:;121/123;Rua da Torrinha;Porto;Porto;4050-161 ;Portugal TEL;WORK;VOICE:+351 222059437 TEL;WORK;FAX:+351 222508253 URL;WORK:horizmoto.com EMAIL;PREF;INTERNET:armazem@horizmoto.com END:VCARD','41.152437','-8.620062','','2019-06-05T15:33:35.983000Z'
